{
    "angle_perftests": 391.81500005722046,
    "battor.steady_state": 538.6391289234161,
    "battor.steady_state.reference": 541.5066750049591,
    "battor.trivial_pages": 642.0694489479065,
    "battor.trivial_pages.reference": 655.8964159488678,
    "blink_perf.bindings": 303.05650091171265,
    "blink_perf.bindings.reference": 174.5680000782013,
    "blink_perf.canvas": 71.58841490745544,
    "blink_perf.canvas.reference": 75.32377815246582,
    "blink_perf.css": 122.29222106933594,
    "blink_perf.css.reference": 126.00407886505127,
    "blink_perf.dom": 125.02799987792969,
    "blink_perf.dom.reference": 133.21399998664856,
    "blink_perf.events": 55.88700008392334,
    "blink_perf.events.reference": 58.5239999294281,
    "blink_perf.layout": 448.37199997901917,
    "blink_perf.layout.reference": 476.5900001525879,
    "blink_perf.paint": 226.10572600364685,
    "blink_perf.paint.reference": 226.81200003623962,
    "blink_perf.parser": 309.22982907295227,
    "blink_perf.parser.reference": 395.95739483833313,
    "blink_perf.shadow_dom": 112.71600008010864,
    "blink_perf.shadow_dom.reference": 112.86687183380127,
    "blink_perf.svg": 87.20600008964539,
    "blink_perf.svg.reference": 92.15299987792969,
    "blob_storage.blob_storage": 602.6564400196075,
    "blob_storage.blob_storage.reference": 438.0498368740082,
    "cc_perftests": 557.9185671806335,
    "dromaeo.domcoreattr": 48.019999980926514,
    "dromaeo.domcoreattr.reference": 51.01774191856384,
    "dromaeo.domcoremodify": 47.09100008010864,
    "dromaeo.domcoremodify.reference": 51.9760000705719,
    "dromaeo.domcorequery": 65.68899989128113,
    "dromaeo.domcorequery.reference": 67.29184412956238,
    "dromaeo.domcoretraverse": 42.7720000743866,
    "dromaeo.domcoretraverse.reference": 47.62100005149841,
    "dummy_benchmark.noisy_benchmark_1": 18.621004819869995,
    "dummy_benchmark.noisy_benchmark_1.reference": 19.30400013923645,
    "dummy_benchmark.stable_benchmark_1": 13.883999824523926,
    "dummy_benchmark.stable_benchmark_1.reference": 18.116000175476074,
    "gpu_perftests": 63.15075898170471,
    "image_decoding.image_decoding_measurement": 195.0550000667572,
    "image_decoding.image_decoding_measurement.reference": 177.68899989128113,
    "jetstream": 199.22699999809265,
    "jetstream.reference": 196.89399981498718,
    "kraken": 39.430999994277954,
    "kraken.reference": 40.43400001525879,
    "load_library_perf_tests": 0.39299988746643066,
    "loading.desktop": 7024.303406000137,
    "loading.mobile": 7846.697929143906,
    "media.android.tough_video_cases": 569.5650410652161,
    "media.android.tough_video_cases.reference": 1439.2765381336212,
    "media.android.tough_video_cases_tbmv2": 595.8326559066772,
    "media.android.tough_video_cases_tbmv2.reference": 1432.9326810836792,
    "media.mse_cases": 48.49300003051758,
    "media.mse_cases.reference": 53.367000102996826,
    "media.tough_video_cases": 303.01399993896484,
    "media.tough_video_cases.reference": 305.25400018692017,
    "media.tough_video_cases_extra": 74.0440001487732,
    "media.tough_video_cases_extra.reference": 86.6579999923706,
    "media.tough_video_cases_tbmv2": 658.4416830539703,
    "media.tough_video_cases_tbmv2.reference": 655.7495429515839,
    "media_perftests": 13.65499997138977,
    "memory.blink_memory_mobile": 415.2724039554596,
    "memory.blink_memory_mobile.reference": 908.8436720371246,
    "memory.desktop": 1146.0309998989105,
    "memory.desktop.reference": 229.0789999961853,
    "memory.long_running_idle_gmail_background_tbmv2": 234.23300004005432,
    "memory.long_running_idle_gmail_background_tbmv2.reference": 208.60399985313416,
    "memory.long_running_idle_gmail_tbmv2": 242.24200010299683,
    "memory.long_running_idle_gmail_tbmv2.reference": 211.86940908432007,
    "memory.top_10_mobile": 2054.6905529499054,
    "memory.top_10_mobile.reference": 8760.4110019207,
    "octane": 57.818000078201294,
    "octane.reference": 58.29299998283386,
    "oortonline": 80.85086297988892,
    "oortonline.reference": 92.1082329750061,
    "oortonline_tbmv2": 79.31153798103333,
    "oortonline_tbmv2.reference": 87.00954294204712,
    "page_cycler_v2.basic_oopif": 497.33399987220764,
    "page_cycler_v2.intl_es_fr_pt-BR": 1360.8120000362396,
    "page_cycler_v2.intl_ja_zh": 2406.526999950409,
    "page_cycler_v2_site_isolation.basic_oopif": 503.27500009536743,
    "performance_browser_tests": 308.0816900730133,
    "power.android_acceptance": 252.51223802566528,
    "power.android_acceptance.reference": 296.59437584877014,
    "power.idle_platform": 335.52099990844727,
    "power.steady_state": 244.20151591300964,
    "power.steady_state.reference": 242.87757301330566,
    "power.trivial_pages": 278.75288915634155,
    "power.trivial_pages.reference": 285.12516498565674,
    "power.typical_10_mobile": 720.7133150100708,
    "power.typical_10_mobile.reference": 885.5368518829346,
    "rasterize_and_record_micro.partial_invalidation": 23.590330123901367,
    "rasterize_and_record_micro.partial_invalidation.reference": 23.62293314933777,
    "rasterize_and_record_micro.top_25": 550.3870921134949,
    "rasterize_and_record_micro.top_25.reference": 549.0057220458984,
    "scheduler.tough_scheduling_cases": 569.6630001068115,
    "service_worker.service_worker": 101.32852911949158,
    "service_worker.service_worker.reference": 100.6010000705719,
    "service_worker.service_worker_micro_benchmark": 14.69700002670288,
    "service_worker.service_worker_micro_benchmark.reference": 19.90000009536743,
    "smoothness.desktop_tough_pinch_zoom_cases": 349.98027896881104,
    "smoothness.desktop_tough_pinch_zoom_cases.reference": 365.8048141002655,
    "smoothness.gpu_rasterization.polymer": 355.1174249649048,
    "smoothness.gpu_rasterization.polymer.reference": 510.07734084129333,
    "smoothness.gpu_rasterization.top_25_smooth": 733.4530229568481,
    "smoothness.gpu_rasterization.top_25_smooth.reference": 2135.678046941757,
    "smoothness.gpu_rasterization.tough_filters_cases": 126.5149998664856,
    "smoothness.gpu_rasterization.tough_filters_cases.reference": 128.91400003433228,
    "smoothness.gpu_rasterization.tough_path_rendering_cases": 126.41799998283386,
    "smoothness.gpu_rasterization.tough_path_rendering_cases.reference": 129.82400012016296,
    "smoothness.gpu_rasterization_and_decoding.image_decoding_cases": 31.00195288658142,
    "smoothness.gpu_rasterization_and_decoding.image_decoding_cases.reference": 36.305999994277954,
    "smoothness.image_decoding_cases": 29.421000003814697,
    "smoothness.image_decoding_cases.reference": 35.89400005340576,
    "smoothness.key_desktop_move_cases": 60.555999994277954,
    "smoothness.key_desktop_move_cases.reference": 60.61364388465881,
    "smoothness.key_mobile_sites_smooth": 1105.2432351112366,
    "smoothness.key_mobile_sites_smooth.reference": 3456.511944770813,
    "smoothness.key_silk_cases": 805.2725489139557,
    "smoothness.key_silk_cases.reference": 2466.2776970863342,
    "smoothness.maps": 35.13559699058533,
    "smoothness.maps.reference": 41.664061069488525,
    "smoothness.pathological_mobile_sites": 360.02179288864136,
    "smoothness.pathological_mobile_sites.reference": 349.4880340099335,
    "smoothness.simple_mobile_sites": 215.98491716384888,
    "smoothness.simple_mobile_sites.reference": 464.8055908679962,
    "smoothness.sync_scroll.key_mobile_sites_smooth": 1157.4036259651184,
    "smoothness.sync_scroll.key_mobile_sites_smooth.reference": 3499.535485982895,
    "smoothness.top_25_smooth": 531.5710000991821,
    "smoothness.top_25_smooth.reference": 539.7154190540314,
    "smoothness.tough_ad_cases": 302.9909999370575,
    "smoothness.tough_ad_cases.reference": 308.717169046402,
    "smoothness.tough_animation_cases": 1725.619999885559,
    "smoothness.tough_animation_cases.reference": 1750.2000000476837,
    "smoothness.tough_canvas_cases": 649.4049999713898,